DATAFLOW,LAST UPDATE,freq,nace_r2,wstatus,worktime,age,sex,unit,geo,TIME_PERIOD,OBS_VALUE,OBS_FLAG,CONF_STATUS
ESTAT:LFSA_EWHUN2$DEFAULTVIEW(1.0),11/09/25 23:00:00,Annual,Total - all NACE activities,Employed persons,Total,From 15 to 64 years,Total,Hour,Austria,2015,36.9,,
ESTAT:LFSA_EWHUN2$DEFAULTVIEW(1.0),11/09/25 23:00:00,Annual,Total - all NACE activities,Employed persons,Total,From 15 to 64 years,Total,Hour,Austria,2016,36.8,,
ESTAT:LFSA_EWHUN2$DEFAULTVIEW(1.0),11/09/25 23:00:00,Annual,Total - all NACE activities,Employed persons,Total,From 15 to 64 years,Total,Hour,Austria,2017,36.7,,
ESTAT:LFSA_EWHUN2$DEFAULTVIEW(1.0),11/09/25 23:00:00,Annual,Total - all NACE activities,Employed persons,Total,From 15 to 64 years,Total,Hour,Austria,2018,36.7,,
ESTAT:LFSA_EWHUN2$DEFAULTVIEW(1.0),11/09/25 23:00:00,Annual,Total - all NACE activities,Employed persons,Total,From 15 to 64 years,Total,Hour,Austria,2019,36.7,,
ESTAT:LFSA_EWHUN2$DEFAULTVIEW(1.0),11/09/25 23:00:00,Annual,Total - all NACE activities,Employed persons,Total,From 15 to 64 years,Total,Hour,Austria,2020,36.6,,
ESTAT:LFSA_EWHUN2$DEFAULTVIEW(1.0),11/09/25 23:00:00,Annual,Total - all NACE activities,Employed persons,Total,From 15 to 64 years,Total,Hour,Austria,2021,36.1,b,
ESTAT:LFSA_EWHUN2$DEFAULTVIEW(1.0),11/09/25 23:00:00,Annual,Total - all NACE activities,Employed persons,Total,From 15 to 64 years,Total,Hour,Austria,2022,35.9,,
ESTAT:LFSA_EWHUN2$DEFAULTVIEW(1.0),11/09/25 23:00:00,Annual,Total - all NACE activities,Employed persons,Total,From 15 to 64 years,Total,Hour,Austria,2023,35.9,,
ESTAT:LFSA_EWHUN2$DEFAULTVIEW(1.0),11/09/25 23:00:00,Annual,Total - all NACE activities,Employed persons,Total,From 15 to 64 years,Total,Hour,Austria,2024,35.7,,
ESTAT:LFSA_EWHUN2$DEFAULTVIEW(1.0),11/09/25 23:00:00,Annual,Total - all NACE activities,Employed persons,Total,From 15 to 64 years,Total,Hour,Bosnia and Herzegovina,2021,41.6,b,
ESTAT:LFSA_EWHUN2$DEFAULTVIEW(1.0),11/09/25 23:00:00,Annual,Total - all NACE activities,Employed persons,Total,From 15 to 64 years,Total,Hour,Bosnia and Herzegovina,2022,41.8,,
ESTAT:LFSA_EWHUN2$DEFAULTVIEW(1.0),11/09/25 23:00:00,Annual,Total - all NACE activities,Employed persons,Total,From 15 to 64 years,Total,Hour,Bosnia and Herzegovina,2023,41.9,,
ESTAT:LFSA_EWHUN2$DEFAULTVIEW(1.0),11/09/25 23:00:00,Annual,Total - all NACE activities,Employed persons,Total,From 15 to 64 years,Total,Hour,Bosnia and Herzegovina,2024,41.7,,
ESTAT:LFSA_EWHUN2$DEFAULTVIEW(1.0),11/09/25 23:00:00,Annual,Total - all NACE activities,Employed persons,Total,From 15 to 64 years,Total,Hour,Belgium,2015,37.1,,
ESTAT:LFSA_EWHUN2$DEFAULTVIEW(1.0),11/09/25 23:00:00,Annual,Total - all NACE activities,Employed persons,Total,From 15 to 64 years,Total,Hour,Belgium,2016,37.1,,
ESTAT:LFSA_EWHUN2$DEFAULTVIEW(1.0),11/09/25 23:00:00,Annual,Total - all NACE activities,Employed persons,Total,From 15 to 64 years,Total,Hour,Belgium,2017,37.6,b,
ESTAT:LFSA_EWHUN2$DEFAULTVIEW(1.0),11/09/25 23:00:00,Annual,Total - all NACE activities,Employed persons,Total,From 15 to 64 years,Total,Hour,Belgium,2018,37.3,,
ESTAT:LFSA_EWHUN2$DEFAULTVIEW(1.0),11/09/25 23:00:00,Annual,Total - all NACE activities,Employed persons,Total,From 15 to 64 years,Total,Hour,Belgium,2019,37.3,,
ESTAT:LFSA_EWHUN2$DEFAULTVIEW(1.0),11/09/25 23:00:00,Annual,Total - all NACE activities,Employed persons,Total,From 15 to 64 years,Total,Hour,Belgium,2020,37.3,,
ESTAT:LFSA_EWHUN2$DEFAULTVIEW(1.0),11/09/25 23:00:00,Annual,Total - all NACE activities,Employed persons,Total,From 15 to 64 years,Total,Hour,Belgium,2021,36.7,b,
ESTAT:LFSA_EWHUN2$DEFAULTVIEW(1.0),11/09/25 23:00:00,Annual,Total - all NACE activities,Employed persons,Total,From 15 to 64 years,Total,Hour,Belgium,2022,36.7,,
ESTAT:LFSA_EWHUN2$DEFAULTVIEW(1.0),11/09/25 23:00:00,Annual,Total - all NACE activities,Employed persons,Total,From 15 to 64 years,Total,Hour,Belgium,2023,36.4,,
ESTAT:LFSA_EWHUN2$DEFAULTVIEW(1.0),11/09/25 23:00:00,Annual,Total - all NACE activities,Employed persons,Total,From 15 to 64 years,Total,Hour,Belgium,2024,36.2,,
ESTAT:LFSA_EWHUN2$DEFAULTVIEW(1.0),11/09/25 23:00:00,Annual,Total - all NACE activities,Employed persons,Total,From 15 to 64 years,Total,Hour,Bulgaria,2015,40.9,,
ESTAT:LFSA_EWHUN2$DEFAULTVIEW(1.0),11/09/25 23:00:00,Annual,Total - all NACE activities,Employed persons,Total,From 15 to 64 years,Total,Hour,Bulgaria,2016,40.8,,
ESTAT:LFSA_EWHUN2$DEFAULTVIEW(1.0),11/09/25 23:00:00,Annual,Total - all NACE activities,Employed persons,Total,From 15 to 64 years,Total,Hour,Bulgaria,2017,40.8,,
ESTAT:LFSA_EWHUN2$DEFAULTVIEW(1.0),11/09/25 23:00:00,Annual,Total - all NACE activities,Employed persons,Total,From 15 to 64 years,Total,Hour,Bulgaria,2018,40.7,,
ESTAT:LFSA_EWHUN2$DEFAULTVIEW(1.0),11/09/25 23:00:00,Annual,Total - all NACE activities,Employed persons,Total,From 15 to 64 years,Total,Hour,Bulgaria,2019,40.5,b,
ESTAT:LFSA_EWHUN2$DEFAULTVIEW(1.0),11/09/25 23:00:00,Annual,Total - all NACE activities,Employed persons,Total,From 15 to 64 years,Total,Hour,Bulgaria,2020,40.4,,
ESTAT:LFSA_EWHUN2$DEFAULTVIEW(1.0),11/09/25 23:00:00,Annual,Total - all NACE activities,Employed persons,Total,From 15 to 64 years,Total,Hour,Bulgaria,2021,40.4,b,
ESTAT:LFSA_EWHUN2$DEFAULTVIEW(1.0),11/09/25 23:00:00,Annual,Total - all NACE activities,Employed persons,Total,From 15 to 64 years,Total,Hour,Bulgaria,2022,40.2,,
ESTAT:LFSA_EWHUN2$DEFAULTVIEW(1.0),11/09/25 23:00:00,Annual,Total - all NACE activities,Employed persons,Total,From 15 to 64 years,Total,Hour,Bulgaria,2023,40.1,,
ESTAT:LFSA_EWHUN2$DEFAULTVIEW(1.0),11/09/25 23:00:00,Annual,Total - all NACE activities,Employed persons,Total,From 15 to 64 years,Total,Hour,Bulgaria,2024,40.0,b,
ESTAT:LFSA_EWHUN2$DEFAULTVIEW(1.0),11/09/25 23:00:00,Annual,Total - all NACE activities,Employed persons,Total,From 15 to 64 years,Total,Hour,Switzerland,2015,35.4,,
ESTAT:LFSA_EWHUN2$DEFAULTVIEW(1.0),11/09/25 23:00:00,Annual,Total - all NACE activities,Employed persons,Total,From 15 to 64 years,Total,Hour,Switzerland,2016,35.3,,
ESTAT:LFSA_EWHUN2$DEFAULTVIEW(1.0),11/09/25 23:00:00,Annual,Total - all NACE activities,Employed persons,Total,From 15 to 64 years,Total,Hour,Switzerland,2017,35.3,,
ESTAT:LFSA_EWHUN2$DEFAULTVIEW(1.0),11/09/25 23:00:00,Annual,Total - all NACE activities,Employed persons,Total,From 15 to 64 years,Total,Hour,Switzerland,2018,35.3,,
ESTAT:LFSA_EWHUN2$DEFAULTVIEW(1.0),11/09/25 23:00:00,Annual,Total - all NACE activities,Employed persons,Total,From 15 to 64 years,Total,Hour,Switzerland,2019,35.2,,
ESTAT:LFSA_EWHUN2$DEFAULTVIEW(1.0),11/09/25 23:00:00,Annual,Total - all NACE activities,Employed persons,Total,From 15 to 64 years,Total,Hour,Switzerland,2020,35.2,,
ESTAT:LFSA_EWHUN2$DEFAULTVIEW(1.0),11/09/25 23:00:00,Annual,Total - all NACE activities,Employed persons,Total,From 15 to 64 years,Total,Hour,Switzerland,2021,36.1,b,
ESTAT:LFSA_EWHUN2$DEFAULTVIEW(1.0),11/09/25 23:00:00,Annual,Total - all NACE activities,Employed persons,Total,From 15 to 64 years,Total,Hour,Switzerland,2022,36.1,,
ESTAT:LFSA_EWHUN2$DEFAULTVIEW(1.0),11/09/25 23:00:00,Annual,Total - all NACE activities,Employed persons,Total,From 15 to 64 years,Total,Hour,Switzerland,2023,36.1,,
ESTAT:LFSA_EWHUN2$DEFAULTVIEW(1.0),11/09/25 23:00:00,Annual,Total - all NACE activities,Employed persons,Total,From 15 to 64 years,Total,Hour,Switzerland,2024,36.0,,
ESTAT:LFSA_EWHUN2$DEFAULTVIEW(1.0),11/09/25 23:00:00,Annual,Total - all NACE activities,Employed persons,Total,From 15 to 64 years,Total,Hour,Cyprus,2015,39.6,,
ESTAT:LFSA_EWHUN2$DEFAULTVIEW(1.0),11/09/25 23:00:00,Annual,Total - all NACE activities,Employed persons,Total,From 15 to 64 years,Total,Hour,Cyprus,2016,39.3,,
ESTAT:LFSA_EWHUN2$DEFAULTVIEW(1.0),11/09/25 23:00:00,Annual,Total - all NACE activities,Employed persons,Total,From 15 to 64 years,Total,Hour,Cyprus,2017,39.4,,
ESTAT:LFSA_EWHUN2$DEFAULTVIEW(1.0),11/09/25 23:00:00,Annual,Total - all NACE activities,Employed persons,Total,From 15 to 64 years,Total,Hour,Cyprus,2018,39.4,,
ESTAT:LFSA_EWHUN2$DEFAULTVIEW(1.0),11/09/25 23:00:00,Annual,Total - all NACE activities,Employed persons,Total,From 15 to 64 years,Total,Hour,Cyprus,2019,39.5,,
ESTAT:LFSA_EWHUN2$DEFAULTVIEW(1.0),11/09/25 23:00:00,Annual,Total - all NACE activities,Employed persons,Total,From 15 to 64 years,Total,Hour,Cyprus,2020,39.3,,
ESTAT:LFSA_EWHUN2$DEFAULTVIEW(1.0),11/09/25 23:00:00,Annual,Total - all NACE activities,Employed persons,Total,From 15 to 64 years,Total,Hour,Cyprus,2021,39.0,b,
ESTAT:LFSA_EWHUN2$DEFAULTVIEW(1.0),11/09/25 23:00:00,Annual,Total - all NACE activities,Employed persons,Total,From 15 to 64 years,Total,Hour,Cyprus,2022,39.4,,
ESTAT:LFSA_EWHUN2$DEFAULTVIEW(1.0),11/09/25 23:00:00,Annual,Total - all NACE activities,Employed persons,Total,From 15 to 64 years,Total,Hour,Cyprus,2023,39.8,,
ESTAT:LFSA_EWHUN2$DEFAULTVIEW(1.0),11/09/25 23:00:00,Annual,Total - all NACE activities,Employed persons,Total,From 15 to 64 years,Total,Hour,Cyprus,2024,39.9,,
ESTAT:LFSA_EWHUN2$DEFAULTVIEW(1.0),11/09/25 23:00:00,Annual,Total - all NACE activities,Employed persons,Total,From 15 to 64 years,Total,Hour,Czechia,2015,40.7,,
ESTAT:LFSA_EWHUN2$DEFAULTVIEW(1.0),11/09/25 23:00:00,Annual,Total - all NACE activities,Employed persons,Total,From 15 to 64 years,Total,Hour,Czechia,2016,40.6,,
ESTAT:LFSA_EWHUN2$DEFAULTVIEW(1.0),11/09/25 23:00:00,Annual,Total - all NACE activities,Employed persons,Total,From 15 to 64 years,Total,Hour,Czechia,2017,40.4,,
ESTAT:LFSA_EWHUN2$DEFAULTVIEW(1.0),11/09/25 23:00:00,Annual,Total - all NACE activities,Employed persons,Total,From 15 to 64 years,Total,Hour,Czechia,2018,40.4,,
ESTAT:LFSA_EWHUN2$DEFAULTVIEW(1.0),11/09/25 23:00:00,Annual,Total - all NACE activities,Employed persons,Total,From 15 to 64 years,Total,Hour,Czechia,2019,40.3,,
ESTAT:LFSA_EWHUN2$DEFAULTVIEW(1.0),11/09/25 23:00:00,Annual,Total - all NACE activities,Employed persons,Total,From 15 to 64 years,Total,Hour,Czechia,2020,40.2,,
ESTAT:LFSA_EWHUN2$DEFAULTVIEW(1.0),11/09/25 23:00:00,Annual,Total - all NACE activities,Employed persons,Total,From 15 to 64 years,Total,Hour,Czechia,2021,39.7,b,
ESTAT:LFSA_EWHUN2$DEFAULTVIEW(1.0),11/09/25 23:00:00,Annual,Total - all NACE activities,Employed persons,Total,From 15 to 64 years,Total,Hour,Czechia,2022,39.8,,
ESTAT:LFSA_EWHUN2$DEFAULTVIEW(1.0),11/09/25 23:00:00,Annual,Total - all NACE activities,Employed persons,Total,From 15 to 64 years,Total,Hour,Czechia,2023,39.6,,
ESTAT:LFSA_EWHUN2$DEFAULTVIEW(1.0),11/09/25 23:00:00,Annual,Total - all NACE activities,Employed persons,Total,From 15 to 64 years,Total,Hour,Czechia,2024,39.4,,
ESTAT:LFSA_EWHUN2$DEFAULTVIEW(1.0),11/09/25 23:00:00,Annual,Total - all NACE activities,Employed persons,Total,From 15 to 64 years,Total,Hour,Germany,2015,35.5,,
ESTAT:LFSA_EWHUN2$DEFAULTVIEW(1.0),11/09/25 23:00:00,Annual,Total - all NACE activities,Employed persons,Total,From 15 to 64 years,Total,Hour,Germany,2016,35.5,,
ESTAT:LFSA_EWHUN2$DEFAULTVIEW(1.0),11/09/25 23:00:00,Annual,Total - all NACE activities,Employed persons,Total,From 15 to 64 years,Total,Hour,Germany,2017,35.4,,
ESTAT:LFSA_EWHUN2$DEFAULTVIEW(1.0),11/09/25 23:00:00,Annual,Total - all NACE activities,Employed persons,Total,From 15 to 64 years,Total,Hour,Germany,2018,35.4,,
ESTAT:LFSA_EWHUN2$DEFAULTVIEW(1.0),11/09/25 23:00:00,Annual,Total - all NACE activities,Employed persons,Total,From 15 to 64 years,Total,Hour,Germany,2019,35.3,,
ESTAT:LFSA_EWHUN2$DEFAULTVIEW(1.0),11/09/25 23:00:00,Annual,Total - all NACE activities,Employed persons,Total,From 15 to 64 years,Total,Hour,Germany,2020,35.2,b,
ESTAT:LFSA_EWHUN2$DEFAULTVIEW(1.0),11/09/25 23:00:00,Annual,Total - all NACE activities,Employed persons,Total,From 15 to 64 years,Total,Hour,Germany,2021,35.3,b,
ESTAT:LFSA_EWHUN2$DEFAULTVIEW(1.0),11/09/25 23:00:00,Annual,Total - all NACE activities,Employed persons,Total,From 15 to 64 years,Total,Hour,Germany,2022,35.2,,
ESTAT:LFSA_EWHUN2$DEFAULTVIEW(1.0),11/09/25 23:00:00,Annual,Total - all NACE activities,Employed persons,Total,From 15 to 64 years,Total,Hour,Germany,2023,34.9,,
ESTAT:LFSA_EWHUN2$DEFAULTVIEW(1.0),11/09/25 23:00:00,Annual,Total - all NACE activities,Employed persons,Total,From 15 to 64 years,Total,Hour,Germany,2024,34.8,,
ESTAT:LFSA_EWHUN2$DEFAULTVIEW(1.0),11/09/25 23:00:00,Annual,Total - all NACE activities,Employed persons,Total,From 15 to 64 years,Total,Hour,Denmark,2015,33.9,,
ESTAT:LFSA_EWHUN2$DEFAULTVIEW(1.0),11/09/25 23:00:00,Annual,Total - all NACE activities,Employed persons,Total,From 15 to 64 years,Total,Hour,Denmark,2016,33.7,b,
ESTAT:LFSA_EWHUN2$DEFAULTVIEW(1.0),11/09/25 23:00:00,Annual,Total - all NACE activities,Employed persons,Total,From 15 to 64 years,Total,Hour,Denmark,2017,33.7,b,
ESTAT:LFSA_EWHUN2$DEFAULTVIEW(1.0),11/09/25 23:00:00,Annual,Total - all NACE activities,Employed persons,Total,From 15 to 64 years,Total,Hour,Denmark,2018,33.7,,
ESTAT:LFSA_EWHUN2$DEFAULTVIEW(1.0),11/09/25 23:00:00,Annual,Total - all NACE activities,Employed persons,Total,From 15 to 64 years,Total,Hour,Denmark,2019,33.5,,
ESTAT:LFSA_EWHUN2$DEFAULTVIEW(1.0),11/09/25 23:00:00,Annual,Total - all NACE activities,Employed persons,Total,From 15 to 64 years,Total,Hour,Denmark,2020,33.6,,
ESTAT:LFSA_EWHUN2$DEFAULTVIEW(1.0),11/09/25 23:00:00,Annual,Total - all NACE activities,Employed persons,Total,From 15 to 64 years,Total,Hour,Denmark,2021,34.6,b,
ESTAT:LFSA_EWHUN2$DEFAULTVIEW(1.0),11/09/25 23:00:00,Annual,Total - all NACE activities,Employed persons,Total,From 15 to 64 years,Total,Hour,Denmark,2022,34.4,,
ESTAT:LFSA_EWHUN2$DEFAULTVIEW(1.0),11/09/25 23:00:00,Annual,Total - all NACE activities,Employed persons,Total,From 15 to 64 years,Total,Hour,Denmark,2023,33.9,b,
ESTAT:LFSA_EWHUN2$DEFAULTVIEW(1.0),11/09/25 23:00:00,Annual,Total - all NACE activities,Employed persons,Total,From 15 to 64 years,Total,Hour,Denmark,2024,33.5,,
ESTAT:LFSA_EWHUN2$DEFAULTVIEW(1.0),11/09/25 23:00:00,Annual,Total - all NACE activities,Employed persons,Total,From 15 to 64 years,Total,Hour,Euro area – 20 countries (from 2023),2015,36.7,,
ESTAT:LFSA_EWHUN2$DEFAULTVIEW(1.0),11/09/25 23:00:00,Annual,Total - all NACE activities,Employed persons,Total,From 15 to 64 years,Total,Hour,Euro area – 20 countries (from 2023),2016,36.7,,
ESTAT:LFSA_EWHUN2$DEFAULTVIEW(1.0),11/09/25 23:00:00,Annual,Total - all NACE activities,Employed persons,Total,From 15 to 64 years,Total,Hour,Euro area – 20 countries (from 2023),2017,36.7,,
ESTAT:LFSA_EWHUN2$DEFAULTVIEW(1.0),11/09/25 23:00:00,Annual,Total - all NACE activities,Employed persons,Total,From 15 to 64 years,Total,Hour,Euro area – 20 countries (from 2023),2018,36.7,,
ESTAT:LFSA_EWHUN2$DEFAULTVIEW(1.0),11/09/25 23:00:00,Annual,Total - all NACE activities,Employed persons,Total,From 15 to 64 years,Total,Hour,Euro area – 20 countries (from 2023),2019,36.7,,
ESTAT:LFSA_EWHUN2$DEFAULTVIEW(1.0),11/09/25 23:00:00,Annual,Total - all NACE activities,Employed persons,Total,From 15 to 64 years,Total,Hour,Euro area – 20 countries (from 2023),2020,36.6,,
ESTAT:LFSA_EWHUN2$DEFAULTVIEW(1.0),11/09/25 23:00:00,Annual,Total - all NACE activities,Employed persons,Total,From 15 to 64 years,Total,Hour,Euro area – 20 countries (from 2023),2021,36.6,b,
ESTAT:LFSA_EWHUN2$DEFAULTVIEW(1.0),11/09/25 23:00:00,Annual,Total - all NACE activities,Employed persons,Total,From 15 to 64 years,Total,Hour,Euro area – 20 countries (from 2023),2022,36.6,,
ESTAT:LFSA_EWHUN2$DEFAULTVIEW(1.0),11/09/25 23:00:00,Annual,Total - all NACE activities,Employed persons,Total,From 15 to 64 years,Total,Hour,Euro area – 20 countries (from 2023),2023,36.5,,
ESTAT:LFSA_EWHUN2$DEFAULTVIEW(1.0),11/09/25 23:00:00,Annual,Total - all NACE activities,Employed persons,Total,From 15 to 64 years,Total,Hour,Euro area – 20 countries (from 2023),2024,36.4,,
ESTAT:LFSA_EWHUN2$DEFAULTVIEW(1.0),11/09/25 23:00:00,Annual,Total - all NACE activities,Employed persons,Total,From 15 to 64 years,Total,Hour,Estonia,2015,39.0,,
ESTAT:LFSA_EWHUN2$DEFAULTVIEW(1.0),11/09/25 23:00:00,Annual,Total - all NACE activities,Employed persons,Total,From 15 to 64 years,Total,Hour,Estonia,2016,38.8,,
ESTAT:LFSA_EWHUN2$DEFAULTVIEW(1.0),11/09/25 23:00:00,Annual,Total - all NACE activities,Employed persons,Total,From 15 to 64 years,Total,Hour,Estonia,2017,38.8,,
ESTAT:LFSA_EWHUN2$DEFAULTVIEW(1.0),11/09/25 23:00:00,Annual,Total - all NACE activities,Employed persons,Total,From 15 to 64 years,Total,Hour,Estonia,2018,38.6,,
ESTAT:LFSA_EWHUN2$DEFAULTVIEW(1.0),11/09/25 23:00:00,Annual,Total - all NACE activities,Employed persons,Total,From 15 to 64 years,Total,Hour,Estonia,2019,38.4,,
ESTAT:LFSA_EWHUN2$DEFAULTVIEW(1.0),11/09/25 23:00:00,Annual,Total - all NACE activities,Employed persons,Total,From 15 to 64 years,Total,Hour,Estonia,2020,38.2,,
ESTAT:LFSA_EWHUN2$DEFAULTVIEW(1.0),11/09/25 23:00:00,Annual,Total - all NACE activities,Employed persons,Total,From 15 to 64 years,Total,Hour,Estonia,2021,38.0,b,
ESTAT:LFSA_EWHUN2$DEFAULTVIEW(1.0),11/09/25 23:00:00,Annual,Total - all NACE activities,Employed persons,Total,From 15 to 64 years,Total,Hour,Estonia,2022,37.8,,
ESTAT:LFSA_EWHUN2$DEFAULTVIEW(1.0),11/09/25 23:00:00,Annual,Total - all NACE activities,Employed persons,Total,From 15 to 64 years,Total,Hour,Estonia,2023,37.7,,
ESTAT:LFSA_EWHUN2$DEFAULTVIEW(1.0),11/09/25 23:00:00,Annual,Total - all NACE activities,Employed persons,Total,From 15 to 64 years,Total,Hour,Estonia,2024,37.8,,
ESTAT:LFSA_EWHUN2$DEFAULTVIEW(1.0),11/09/25 23:00:00,Annual,Total - all NACE activities,Employed persons,Total,From 15 to 64 years,Total,Hour,Greece,2015,42.2,,
ESTAT:LFSA_EWHUN2$DEFAULTVIEW(1.0),11/09/25 23:00:00,Annual,Total - all NACE activities,Employed persons,Total,From 15 to 64 years,Total,Hour,Greece,2016,42.2,,
ESTAT:LFSA_EWHUN2$DEFAULTVIEW(1.0),11/09/25 23:00:00,Annual,Total - all NACE activities,Employed persons,Total,From 15 to 64 years,Total,Hour,Greece,2017,42.0,,
ESTAT:LFSA_EWHUN2$DEFAULTVIEW(1.0),11/09/25 23:00:00,Annual,Total - all NACE activities,Employed persons,Total,From 15 to 64 years,Total,Hour,Greece,2018,42.0,,
ESTAT:LFSA_EWHUN2$DEFAULTVIEW(1.0),11/09/25 23:00:00,Annual,Total - all NACE activities,Employed persons,Total,From 15 to 64 years,Total,Hour,Greece,2019,41.7,,
ESTAT:LFSA_EWHUN2$DEFAULTVIEW(1.0),11/09/25 23:00:00,Annual,Total - all NACE activities,Employed persons,Total,From 15 to 64 years,Total,Hour,Greece,2020,41.7,,
ESTAT:LFSA_EWHUN2$DEFAULTVIEW(1.0),11/09/25 23:00:00,Annual,Total - all NACE activities,Employed persons,Total,From 15 to 64 years,Total,Hour,Greece,2021,41.3,b,
ESTAT:LFSA_EWHUN2$DEFAULTVIEW(1.0),11/09/25 23:00:00,Annual,Total - all NACE activities,Employed persons,Total,From 15 to 64 years,Total,Hour,Greece,2022,41.0,,
ESTAT:LFSA_EWHUN2$DEFAULTVIEW(1.0),11/09/25 23:00:00,Annual,Total - all NACE activities,Employed persons,Total,From 15 to 64 years,Total,Hour,Greece,2023,40.9,,
ESTAT:LFSA_EWHUN2$DEFAULTVIEW(1.0),11/09/25 23:00:00,Annual,Total - all NACE activities,Employed persons,Total,From 15 to 64 years,Total,Hour,Greece,2024,41.0,,
ESTAT:LFSA_EWHUN2$DEFAULTVIEW(1.0),11/09/25 23:00:00,Annual,Total - all NACE activities,Employed persons,Total,From 15 to 64 years,Total,Hour,Spain,2015,37.8,,
ESTAT:LFSA_EWHUN2$DEFAULTVIEW(1.0),11/09/25 23:00:00,Annual,Total - all NACE activities,Employed persons,Total,From 15 to 64 years,Total,Hour,Spain,2016,37.8,,
ESTAT:LFSA_EWHUN2$DEFAULTVIEW(1.0),11/09/25 23:00:00,Annual,Total - all NACE activities,Employed persons,Total,From 15 to 64 years,Total,Hour,Spain,2017,37.7,,
ESTAT:LFSA_EWHUN2$DEFAULTVIEW(1.0),11/09/25 23:00:00,Annual,Total - all NACE activities,Employed persons,Total,From 15 to 64 years,Total,Hour,Spain,2018,37.7,,
ESTAT:LFSA_EWHUN2$DEFAULTVIEW(1.0),11/09/25 23:00:00,Annual,Total - all NACE activities,Employed persons,Total,From 15 to 64 years,Total,Hour,Spain,2019,37.5,,
ESTAT:LFSA_EWHUN2$DEFAULTVIEW(1.0),11/09/25 23:00:00,Annual,Total - all NACE activities,Employed persons,Total,From 15 to 64 years,Total,Hour,Spain,2020,37.5,,
ESTAT:LFSA_EWHUN2$DEFAULTVIEW(1.0),11/09/25 23:00:00,Annual,Total - all NACE activities,Employed persons,Total,From 15 to 64 years,Total,Hour,Spain,2021,37.4,bd,
ESTAT:LFSA_EWHUN2$DEFAULTVIEW(1.0),11/09/25 23:00:00,Annual,Total - all NACE activities,Employed persons,Total,From 15 to 64 years,Total,Hour,Spain,2022,37.7,d,
ESTAT:LFSA_EWHUN2$DEFAULTVIEW(1.0),11/09/25 23:00:00,Annual,Total - all NACE activities,Employed persons,Total,From 15 to 64 years,Total,Hour,Spain,2023,37.6,d,
ESTAT:LFSA_EWHUN2$DEFAULTVIEW(1.0),11/09/25 23:00:00,Annual,Total - all NACE activities,Employed persons,Total,From 15 to 64 years,Total,Hour,Spain,2024,37.5,d,
ESTAT:LFSA_EWHUN2$DEFAULTVIEW(1.0),11/09/25 23:00:00,Annual,Total - all NACE activities,Employed persons,Total,From 15 to 64 years,Total,Hour,European Union - 27 countries (from 2020),2015,37.4,,
ESTAT:LFSA_EWHUN2$DEFAULTVIEW(1.0),11/09/25 23:00:00,Annual,Total - all NACE activities,Employed persons,Total,From 15 to 64 years,Total,Hour,European Union - 27 countries (from 2020),2016,37.4,,
ESTAT:LFSA_EWHUN2$DEFAULTVIEW(1.0),11/09/25 23:00:00,Annual,Total - all NACE activities,Employed persons,Total,From 15 to 64 years,Total,Hour,European Union - 27 countries (from 2020),2017,37.4,,
ESTAT:LFSA_EWHUN2$DEFAULTVIEW(1.0),11/09/25 23:00:00,Annual,Total - all NACE activities,Employed persons,Total,From 15 to 64 years,Total,Hour,European Union - 27 countries (from 2020),2018,37.4,,
ESTAT:LFSA_EWHUN2$DEFAULTVIEW(1.0),11/09/25 23:00:00,Annual,Total - all NACE activities,Employed persons,Total,From 15 to 64 years,Total,Hour,European Union - 27 countries (from 2020),2019,37.3,,
ESTAT:LFSA_EWHUN2$DEFAULTVIEW(1.0),11/09/25 23:00:00,Annual,Total - all NACE activities,Employed persons,Total,From 15 to 64 years,Total,Hour,European Union - 27 countries (from 2020),2020,37.2,,
ESTAT:LFSA_EWHUN2$DEFAULTVIEW(1.0),11/09/25 23:00:00,Annual,Total - all NACE activities,Employed persons,Total,From 15 to 64 years,Total,Hour,European Union - 27 countries (from 2020),2021,37.2,b,
ESTAT:LFSA_EWHUN2$DEFAULTVIEW(1.0),11/09/25 23:00:00,Annual,Total - all NACE activities,Employed persons,Total,From 15 to 64 years,Total,Hour,European Union - 27 countries (from 2020),2022,37.3,,
ESTAT:LFSA_EWHUN2$DEFAULTVIEW(1.0),11/09/25 23:00:00,Annual,Total - all NACE activities,Employed persons,Total,From 15 to 64 years,Total,Hour,European Union - 27 countries (from 2020),2023,37.1,,
ESTAT:LFSA_EWHUN2$DEFAULTVIEW(1.0),11/09/25 23:00:00,Annual,Total - all NACE activities,Employed persons,Total,From 15 to 64 years,Total,Hour,European Union - 27 countries (from 2020),2024,37.1,,
ESTAT:LFSA_EWHUN2$DEFAULTVIEW(1.0),11/09/25 23:00:00,Annual,Total - all NACE activities,Employed persons,Total,From 15 to 64 years,Total,Hour,Finland,2015,37.2,,
ESTAT:LFSA_EWHUN2$DEFAULTVIEW(1.0),11/09/25 23:00:00,Annual,Total - all NACE activities,Employed persons,Total,From 15 to 64 years,Total,Hour,Finland,2016,37.0,,
ESTAT:LFSA_EWHUN2$DEFAULTVIEW(1.0),11/09/25 23:00:00,Annual,Total - all NACE activities,Employed persons,Total,From 15 to 64 years,Total,Hour,Finland,2017,37.1,,
ESTAT:LFSA_EWHUN2$DEFAULTVIEW(1.0),11/09/25 23:00:00,Annual,Total - all NACE activities,Employed persons,Total,From 15 to 64 years,Total,Hour,Finland,2018,37.2,,
ESTAT:LFSA_EWHUN2$DEFAULTVIEW(1.0),11/09/25 23:00:00,Annual,Total - all NACE activities,Employed persons,Total,From 15 to 64 years,Total,Hour,Finland,2019,37.0,,
ESTAT:LFSA_EWHUN2$DEFAULTVIEW(1.0),11/09/25 23:00:00,Annual,Total - all NACE activities,Employed persons,Total,From 15 to 64 years,Total,Hour,Finland,2020,36.9,,
ESTAT:LFSA_EWHUN2$DEFAULTVIEW(1.0),11/09/25 23:00:00,Annual,Total - all NACE activities,Employed persons,Total,From 15 to 64 years,Total,Hour,Finland,2021,35.9,b,
ESTAT:LFSA_EWHUN2$DEFAULTVIEW(1.0),11/09/25 23:00:00,Annual,Total - all NACE activities,Employed persons,Total,From 15 to 64 years,Total,Hour,Finland,2022,35.7,,
ESTAT:LFSA_EWHUN2$DEFAULTVIEW(1.0),11/09/25 23:00:00,Annual,Total - all NACE activities,Employed persons,Total,From 15 to 64 years,Total,Hour,Finland,2023,35.7,,
ESTAT:LFSA_EWHUN2$DEFAULTVIEW(1.0),11/09/25 23:00:00,Annual,Total - all NACE activities,Employed persons,Total,From 15 to 64 years,Total,Hour,Finland,2024,35.9,,
ESTAT:LFSA_EWHUN2$DEFAULTVIEW(1.0),11/09/25 23:00:00,Annual,Total - all NACE activities,Employed persons,Total,From 15 to 64 years,Total,Hour,France,2015,37.3,,
ESTAT:LFSA_EWHUN2$DEFAULTVIEW(1.0),11/09/25 23:00:00,Annual,Total - all NACE activities,Employed persons,Total,From 15 to 64 years,Total,Hour,France,2016,37.4,,
ESTAT:LFSA_EWHUN2$DEFAULTVIEW(1.0),11/09/25 23:00:00,Annual,Total - all NACE activities,Employed persons,Total,From 15 to 64 years,Total,Hour,France,2017,37.3,,
ESTAT:LFSA_EWHUN2$DEFAULTVIEW(1.0),11/09/25 23:00:00,Annual,Total - all NACE activities,Employed persons,Total,From 15 to 64 years,Total,Hour,France,2018,37.4,,
ESTAT:LFSA_EWHUN2$DEFAULTVIEW(1.0),11/09/25 23:00:00,Annual,Total - all NACE activities,Employed persons,Total,From 15 to 64 years,Total,Hour,France,2019,37.5,,
ESTAT:LFSA_EWHUN2$DEFAULTVIEW(1.0),11/09/25 23:00:00,Annual,Total - all NACE activities,Employed persons,Total,From 15 to 64 years,Total,Hour,France,2020,37.5,,
ESTAT:LFSA_EWHUN2$DEFAULTVIEW(1.0),11/09/25 23:00:00,Annual,Total - all NACE activities,Employed persons,Total,From 15 to 64 years,Total,Hour,France,2021,37.0,bd,
ESTAT:LFSA_EWHUN2$DEFAULTVIEW(1.0),11/09/25 23:00:00,Annual,Total - all NACE activities,Employed persons,Total,From 15 to 64 years,Total,Hour,France,2022,37.2,d,
ESTAT:LFSA_EWHUN2$DEFAULTVIEW(1.0),11/09/25 23:00:00,Annual,Total - all NACE activities,Employed persons,Total,From 15 to 64 years,Total,Hour,France,2023,37.2,d,
ESTAT:LFSA_EWHUN2$DEFAULTVIEW(1.0),11/09/25 23:00:00,Annual,Total - all NACE activities,Employed persons,Total,From 15 to 64 years,Total,Hour,France,2024,37.1,d,
ESTAT:LFSA_EWHUN2$DEFAULTVIEW(1.0),11/09/25 23:00:00,Annual,Total - all NACE activities,Employed persons,Total,From 15 to 64 years,Total,Hour,Croatia,2015,39.8,,
ESTAT:LFSA_EWHUN2$DEFAULTVIEW(1.0),11/09/25 23:00:00,Annual,Total - all NACE activities,Employed persons,Total,From 15 to 64 years,Total,Hour,Croatia,2016,39.6,,
ESTAT:LFSA_EWHUN2$DEFAULTVIEW(1.0),11/09/25 23:00:00,Annual,Total - all NACE activities,Employed persons,Total,From 15 to 64 years,Total,Hour,Croatia,2017,39.8,,
ESTAT:LFSA_EWHUN2$DEFAULTVIEW(1.0),11/09/25 23:00:00,Annual,Total - all NACE activities,Employed persons,Total,From 15 to 64 years,Total,Hour,Croatia,2018,39.7,,
ESTAT:LFSA_EWHUN2$DEFAULTVIEW(1.0),11/09/25 23:00:00,Annual,Total - all NACE activities,Employed persons,Total,From 15 to 64 years,Total,Hour,Croatia,2019,39.9,,
ESTAT:LFSA_EWHUN2$DEFAULTVIEW(1.0),11/09/25 23:00:00,Annual,Total - all NACE activities,Employed persons,Total,From 15 to 64 years,Total,Hour,Croatia,2020,39.8,,
ESTAT:LFSA_EWHUN2$DEFAULTVIEW(1.0),11/09/25 23:00:00,Annual,Total - all NACE activities,Employed persons,Total,From 15 to 64 years,Total,Hour,Croatia,2021,39.7,b,
ESTAT:LFSA_EWHUN2$DEFAULTVIEW(1.0),11/09/25 23:00:00,Annual,Total - all NACE activities,Employed persons,Total,From 15 to 64 years,Total,Hour,Croatia,2022,39.6,,
ESTAT:LFSA_EWHUN2$DEFAULTVIEW(1.0),11/09/25 23:00:00,Annual,Total - all NACE activities,Employed persons,Total,From 15 to 64 years,Total,Hour,Croatia,2023,39.8,,
ESTAT:LFSA_EWHUN2$DEFAULTVIEW(1.0),11/09/25 23:00:00,Annual,Total - all NACE activities,Employed persons,Total,From 15 to 64 years,Total,Hour,Croatia,2024,39.6,,
ESTAT:LFSA_EWHUN2$DEFAULTVIEW(1.0),11/09/25 23:00:00,Annual,Total - all NACE activities,Employed persons,Total,From 15 to 64 years,Total,Hour,Hungary,2015,39.9,,
ESTAT:LFSA_EWHUN2$DEFAULTVIEW(1.0),11/09/25 23:00:00,Annual,Total - all NACE activities,Employed persons,Total,From 15 to 64 years,Total,Hour,Hungary,2016,39.8,,
ESTAT:LFSA_EWHUN2$DEFAULTVIEW(1.0),11/09/25 23:00:00,Annual,Total - all NACE activities,Employed persons,Total,From 15 to 64 years,Total,Hour,Hungary,2017,39.9,,
ESTAT:LFSA_EWHUN2$DEFAULTVIEW(1.0),11/09/25 23:00:00,Annual,Total - all NACE activities,Employed persons,Total,From 15 to 64 years,Total,Hour,Hungary,2018,39.8,b,
ESTAT:LFSA_EWHUN2$DEFAULTVIEW(1.0),11/09/25 23:00:00,Annual,Total - all NACE activities,Employed persons,Total,From 15 to 64 years,Total,Hour,Hungary,2019,39.7,,
ESTAT:LFSA_EWHUN2$DEFAULTVIEW(1.0),11/09/25 23:00:00,Annual,Total - all NACE activities,Employed persons,Total,From 15 to 64 years,Total,Hour,Hungary,2020,39.5,,
ESTAT:LFSA_EWHUN2$DEFAULTVIEW(1.0),11/09/25 23:00:00,Annual,Total - all NACE activities,Employed persons,Total,From 15 to 64 years,Total,Hour,Hungary,2021,39.5,b,
ESTAT:LFSA_EWHUN2$DEFAULTVIEW(1.0),11/09/25 23:00:00,Annual,Total - all NACE activities,Employed persons,Total,From 15 to 64 years,Total,Hour,Hungary,2022,39.6,,
ESTAT:LFSA_EWHUN2$DEFAULTVIEW(1.0),11/09/25 23:00:00,Annual,Total - all NACE activities,Employed persons,Total,From 15 to 64 years,Total,Hour,Hungary,2023,39.6,,
ESTAT:LFSA_EWHUN2$DEFAULTVIEW(1.0),11/09/25 23:00:00,Annual,Total - all NACE activities,Employed persons,Total,From 15 to 64 years,Total,Hour,Hungary,2024,39.5,,
ESTAT:LFSA_EWHUN2$DEFAULTVIEW(1.0),11/09/25 23:00:00,Annual,Total - all NACE activities,Employed persons,Total,From 15 to 64 years,Total,Hour,Ireland,2015,35.9,,
ESTAT:LFSA_EWHUN2$DEFAULTVIEW(1.0),11/09/25 23:00:00,Annual,Total - all NACE activities,Employed persons,Total,From 15 to 64 years,Total,Hour,Ireland,2016,35.9,,
ESTAT:LFSA_EWHUN2$DEFAULTVIEW(1.0),11/09/25 23:00:00,Annual,Total - all NACE activities,Employed persons,Total,From 15 to 64 years,Total,Hour,Ireland,2017,36.3,b,
ESTAT:LFSA_EWHUN2$DEFAULTVIEW(1.0),11/09/25 23:00:00,Annual,Total - all NACE activities,Employed persons,Total,From 15 to 64 years,Total,Hour,Ireland,2018,36.5,,
ESTAT:LFSA_EWHUN2$DEFAULTVIEW(1.0),11/09/25 23:00:00,Annual,Total - all NACE activities,Employed persons,Total,From 15 to 64 years,Total,Hour,Ireland,2019,36.5,,
ESTAT:LFSA_EWHUN2$DEFAULTVIEW(1.0),11/09/25 23:00:00,Annual,Total - all NACE activities,Employed persons,Total,From 15 to 64 years,Total,Hour,Ireland,2020,36.6,,
ESTAT:LFSA_EWHUN2$DEFAULTVIEW(1.0),11/09/25 23:00:00,Annual,Total - all NACE activities,Employed persons,Total,From 15 to 64 years,Total,Hour,Ireland,2021,36.2,b,
ESTAT:LFSA_EWHUN2$DEFAULTVIEW(1.0),11/09/25 23:00:00,Annual,Total - all NACE activities,Employed persons,Total,From 15 to 64 years,Total,Hour,Ireland,2022,36.3,,
ESTAT:LFSA_EWHUN2$DEFAULTVIEW(1.0),11/09/25 23:00:00,Annual,Total - all NACE activities,Employed persons,Total,From 15 to 64 years,Total,Hour,Ireland,2023,35.8,,
ESTAT:LFSA_EWHUN2$DEFAULTVIEW(1.0),11/09/25 23:00:00,Annual,Total - all NACE activities,Employed persons,Total,From 15 to 64 years,Total,Hour,Ireland,2024,35.7,,
ESTAT:LFSA_EWHUN2$DEFAULTVIEW(1.0),11/09/25 23:00:00,Annual,Total - all NACE activities,Employed persons,Total,From 15 to 64 years,Total,Hour,Iceland,2015,39.8,,
ESTAT:LFSA_EWHUN2$DEFAULTVIEW(1.0),11/09/25 23:00:00,Annual,Total - all NACE activities,Employed persons,Total,From 15 to 64 years,Total,Hour,Iceland,2016,39.5,,
ESTAT:LFSA_EWHUN2$DEFAULTVIEW(1.0),11/09/25 23:00:00,Annual,Total - all NACE activities,Employed persons,Total,From 15 to 64 years,Total,Hour,Iceland,2017,39.3,,
ESTAT:LFSA_EWHUN2$DEFAULTVIEW(1.0),11/09/25 23:00:00,Annual,Total - all NACE activities,Employed persons,Total,From 15 to 64 years,Total,Hour,Iceland,2018,39.4,,
ESTAT:LFSA_EWHUN2$DEFAULTVIEW(1.0),11/09/25 23:00:00,Annual,Total - all NACE activities,Employed persons,Total,From 15 to 64 years,Total,Hour,Iceland,2019,39.3,,
ESTAT:LFSA_EWHUN2$DEFAULTVIEW(1.0),11/09/25 23:00:00,Annual,Total - all NACE activities,Employed persons,Total,From 15 to 64 years,Total,Hour,Iceland,2020,38.6,b,
ESTAT:LFSA_EWHUN2$DEFAULTVIEW(1.0),11/09/25 23:00:00,Annual,Total - all NACE activities,Employed persons,Total,From 15 to 64 years,Total,Hour,Iceland,2021,38.3,b,
ESTAT:LFSA_EWHUN2$DEFAULTVIEW(1.0),11/09/25 23:00:00,Annual,Total - all NACE activities,Employed persons,Total,From 15 to 64 years,Total,Hour,Iceland,2022,38.2,,
ESTAT:LFSA_EWHUN2$DEFAULTVIEW(1.0),11/09/25 23:00:00,Annual,Total - all NACE activities,Employed persons,Total,From 15 to 64 years,Total,Hour,Iceland,2023,38.3,,
ESTAT:LFSA_EWHUN2$DEFAULTVIEW(1.0),11/09/25 23:00:00,Annual,Total - all NACE activities,Employed persons,Total,From 15 to 64 years,Total,Hour,Iceland,2024,38.1,,
ESTAT:LFSA_EWHUN2$DEFAULTVIEW(1.0),11/09/25 23:00:00,Annual,Total - all NACE activities,Employed persons,Total,From 15 to 64 years,Total,Hour,Italy,2015,37.1,,
ESTAT:LFSA_EWHUN2$DEFAULTVIEW(1.0),11/09/25 23:00:00,Annual,Total - all NACE activities,Employed persons,Total,From 15 to 64 years,Total,Hour,Italy,2016,37.0,,
ESTAT:LFSA_EWHUN2$DEFAULTVIEW(1.0),11/09/25 23:00:00,Annual,Total - all NACE activities,Employed persons,Total,From 15 to 64 years,Total,Hour,Italy,2017,37.2,,
ESTAT:LFSA_EWHUN2$DEFAULTVIEW(1.0),11/09/25 23:00:00,Annual,Total - all NACE activities,Employed persons,Total,From 15 to 64 years,Total,Hour,Italy,2018,37.3,b,
ESTAT:LFSA_EWHUN2$DEFAULTVIEW(1.0),11/09/25 23:00:00,Annual,Total - all NACE activities,Employed persons,Total,From 15 to 64 years,Total,Hour,Italy,2019,37.2,,
ESTAT:LFSA_EWHUN2$DEFAULTVIEW(1.0),11/09/25 23:00:00,Annual,Total - all NACE activities,Employed persons,Total,From 15 to 64 years,Total,Hour,Italy,2020,37.0,,
ESTAT:LFSA_EWHUN2$DEFAULTVIEW(1.0),11/09/25 23:00:00,Annual,Total - all NACE activities,Employed persons,Total,From 15 to 64 years,Total,Hour,Italy,2021,37.3,b,
ESTAT:LFSA_EWHUN2$DEFAULTVIEW(1.0),11/09/25 23:00:00,Annual,Total - all NACE activities,Employed persons,Total,From 15 to 64 years,Total,Hour,Italy,2022,37.3,,
ESTAT:LFSA_EWHUN2$DEFAULTVIEW(1.0),11/09/25 23:00:00,Annual,Total - all NACE activities,Employed persons,Total,From 15 to 64 years,Total,Hour,Italy,2023,37.4,,
ESTAT:LFSA_EWHUN2$DEFAULTVIEW(1.0),11/09/25 23:00:00,Annual,Total - all NACE activities,Employed persons,Total,From 15 to 64 years,Total,Hour,Italy,2024,37.2,,
ESTAT:LFSA_EWHUN2$DEFAULTVIEW(1.0),11/09/25 23:00:00,Annual,Total - all NACE activities,Employed persons,Total,From 15 to 64 years,Total,Hour,Lithuania,2015,38.5,,
ESTAT:LFSA_EWHUN2$DEFAULTVIEW(1.0),11/09/25 23:00:00,Annual,Total - all NACE activities,Employed persons,Total,From 15 to 64 years,Total,Hour,Lithuania,2016,38.6,,
ESTAT:LFSA_EWHUN2$DEFAULTVIEW(1.0),11/09/25 23:00:00,Annual,Total - all NACE activities,Employed persons,Total,From 15 to 64 years,Total,Hour,Lithuania,2017,38.7,,
ESTAT:LFSA_EWHUN2$DEFAULTVIEW(1.0),11/09/25 23:00:00,Annual,Total - all NACE activities,Employed persons,Total,From 15 to 64 years,Total,Hour,Lithuania,2018,38.9,,
ESTAT:LFSA_EWHUN2$DEFAULTVIEW(1.0),11/09/25 23:00:00,Annual,Total - all NACE activities,Employed persons,Total,From 15 to 64 years,Total,Hour,Lithuania,2019,39.0,,
ESTAT:LFSA_EWHUN2$DEFAULTVIEW(1.0),11/09/25 23:00:00,Annual,Total - all NACE activities,Employed persons,Total,From 15 to 64 years,Total,Hour,Lithuania,2020,39.1,,
ESTAT:LFSA_EWHUN2$DEFAULTVIEW(1.0),11/09/25 23:00:00,Annual,Total - all NACE activities,Employed persons,Total,From 15 to 64 years,Total,Hour,Lithuania,2021,39.1,b,
ESTAT:LFSA_EWHUN2$DEFAULTVIEW(1.0),11/09/25 23:00:00,Annual,Total - all NACE activities,Employed persons,Total,From 15 to 64 years,Total,Hour,Lithuania,2022,39.2,,
ESTAT:LFSA_EWHUN2$DEFAULTVIEW(1.0),11/09/25 23:00:00,Annual,Total - all NACE activities,Employed persons,Total,From 15 to 64 years,Total,Hour,Lithuania,2023,39.1,,
ESTAT:LFSA_EWHUN2$DEFAULTVIEW(1.0),11/09/25 23:00:00,Annual,Total - all NACE activities,Employed persons,Total,From 15 to 64 years,Total,Hour,Lithuania,2024,39.2,,
ESTAT:LFSA_EWHUN2$DEFAULTVIEW(1.0),11/09/25 23:00:00,Annual,Total - all NACE activities,Employed persons,Total,From 15 to 64 years,Total,Hour,Luxembourg,2015,37.5,b,
ESTAT:LFSA_EWHUN2$DEFAULTVIEW(1.0),11/09/25 23:00:00,Annual,Total - all NACE activities,Employed persons,Total,From 15 to 64 years,Total,Hour,Luxembourg,2016,37.5,,
ESTAT:LFSA_EWHUN2$DEFAULTVIEW(1.0),11/09/25 23:00:00,Annual,Total - all NACE activities,Employed persons,Total,From 15 to 64 years,Total,Hour,Luxembourg,2017,37.4,,
ESTAT:LFSA_EWHUN2$DEFAULTVIEW(1.0),11/09/25 23:00:00,Annual,Total - all NACE activities,Employed persons,Total,From 15 to 64 years,Total,Hour,Luxembourg,2018,37.7,,
ESTAT:LFSA_EWHUN2$DEFAULTVIEW(1.0),11/09/25 23:00:00,Annual,Total - all NACE activities,Employed persons,Total,From 15 to 64 years,Total,Hour,Luxembourg,2019,37.9,,
ESTAT:LFSA_EWHUN2$DEFAULTVIEW(1.0),11/09/25 23:00:00,Annual,Total - all NACE activities,Employed persons,Total,From 15 to 64 years,Total,Hour,Luxembourg,2020,37.5,,
ESTAT:LFSA_EWHUN2$DEFAULTVIEW(1.0),11/09/25 23:00:00,Annual,Total - all NACE activities,Employed persons,Total,From 15 to 64 years,Total,Hour,Luxembourg,2021,38.1,b,
ESTAT:LFSA_EWHUN2$DEFAULTVIEW(1.0),11/09/25 23:00:00,Annual,Total - all NACE activities,Employed persons,Total,From 15 to 64 years,Total,Hour,Luxembourg,2022,38.0,,
ESTAT:LFSA_EWHUN2$DEFAULTVIEW(1.0),11/09/25 23:00:00,Annual,Total - all NACE activities,Employed persons,Total,From 15 to 64 years,Total,Hour,Luxembourg,2023,37.9,,
ESTAT:LFSA_EWHUN2$DEFAULTVIEW(1.0),11/09/25 23:00:00,Annual,Total - all NACE activities,Employed persons,Total,From 15 to 64 years,Total,Hour,Luxembourg,2024,37.8,,
ESTAT:LFSA_EWHUN2$DEFAULTVIEW(1.0),11/09/25 23:00:00,Annual,Total - all NACE activities,Employed persons,Total,From 15 to 64 years,Total,Hour,Latvia,2015,39.2,,
ESTAT:LFSA_EWHUN2$DEFAULTVIEW(1.0),11/09/25 23:00:00,Annual,Total - all NACE activities,Employed persons,Total,From 15 to 64 years,Total,Hour,Latvia,2016,38.9,,
ESTAT:LFSA_EWHUN2$DEFAULTVIEW(1.0),11/09/25 23:00:00,Annual,Total - all NACE activities,Employed persons,Total,From 15 to 64 years,Total,Hour,Latvia,2017,39.0,,
ESTAT:LFSA_EWHUN2$DEFAULTVIEW(1.0),11/09/25 23:00:00,Annual,Total - all NACE activities,Employed persons,Total,From 15 to 64 years,Total,Hour,Latvia,2018,39.0,,
ESTAT:LFSA_EWHUN2$DEFAULTVIEW(1.0),11/09/25 23:00:00,Annual,Total - all NACE activities,Employed persons,Total,From 15 to 64 years,Total,Hour,Latvia,2019,38.8,,
ESTAT:LFSA_EWHUN2$DEFAULTVIEW(1.0),11/09/25 23:00:00,Annual,Total - all NACE activities,Employed persons,Total,From 15 to 64 years,Total,Hour,Latvia,2020,38.8,,
ESTAT:LFSA_EWHUN2$DEFAULTVIEW(1.0),11/09/25 23:00:00,Annual,Total - all NACE activities,Employed persons,Total,From 15 to 64 years,Total,Hour,Latvia,2021,38.8,b,
ESTAT:LFSA_EWHUN2$DEFAULTVIEW(1.0),11/09/25 23:00:00,Annual,Total - all NACE activities,Employed persons,Total,From 15 to 64 years,Total,Hour,Latvia,2022,39.0,,
ESTAT:LFSA_EWHUN2$DEFAULTVIEW(1.0),11/09/25 23:00:00,Annual,Total - all NACE activities,Employed persons,Total,From 15 to 64 years,Total,Hour,Latvia,2023,38.9,,
ESTAT:LFSA_EWHUN2$DEFAULTVIEW(1.0),11/09/25 23:00:00,Annual,Total - all NACE activities,Employed persons,Total,From 15 to 64 years,Total,Hour,Latvia,2024,38.8,,
ESTAT:LFSA_EWHUN2$DEFAULTVIEW(1.0),11/09/25 23:00:00,Annual,Total - all NACE activities,Employed persons,Total,From 15 to 64 years,Total,Hour,Montenegro,2015,43.7,,
ESTAT:LFSA_EWHUN2$DEFAULTVIEW(1.0),11/09/25 23:00:00,Annual,Total - all NACE activities,Employed persons,Total,From 15 to 64 years,Total,Hour,Montenegro,2016,43.4,,
ESTAT:LFSA_EWHUN2$DEFAULTVIEW(1.0),11/09/25 23:00:00,Annual,Total - all NACE activities,Employed persons,Total,From 15 to 64 years,Total,Hour,Montenegro,2017,43.3,,
ESTAT:LFSA_EWHUN2$DEFAULTVIEW(1.0),11/09/25 23:00:00,Annual,Total - all NACE activities,Employed persons,Total,From 15 to 64 years,Total,Hour,Montenegro,2018,44.2,,
ESTAT:LFSA_EWHUN2$DEFAULTVIEW(1.0),11/09/25 23:00:00,Annual,Total - all NACE activities,Employed persons,Total,From 15 to 64 years,Total,Hour,Montenegro,2019,44.5,,
ESTAT:LFSA_EWHUN2$DEFAULTVIEW(1.0),11/09/25 23:00:00,Annual,Total - all NACE activities,Employed persons,Total,From 15 to 64 years,Total,Hour,Montenegro,2020,44.4,,
ESTAT:LFSA_EWHUN2$DEFAULTVIEW(1.0),11/09/25 23:00:00,Annual,Total - all NACE activities,Employed persons,Total,From 15 to 64 years,Total,Hour,North Macedonia,2015,41.9,,
ESTAT:LFSA_EWHUN2$DEFAULTVIEW(1.0),11/09/25 23:00:00,Annual,Total - all NACE activities,Employed persons,Total,From 15 to 64 years,Total,Hour,North Macedonia,2016,41.7,,
ESTAT:LFSA_EWHUN2$DEFAULTVIEW(1.0),11/09/25 23:00:00,Annual,Total - all NACE activities,Employed persons,Total,From 15 to 64 years,Total,Hour,North Macedonia,2017,42.5,,
ESTAT:LFSA_EWHUN2$DEFAULTVIEW(1.0),11/09/25 23:00:00,Annual,Total - all NACE activities,Employed persons,Total,From 15 to 64 years,Total,Hour,North Macedonia,2018,42.3,,
ESTAT:LFSA_EWHUN2$DEFAULTVIEW(1.0),11/09/25 23:00:00,Annual,Total - all NACE activities,Employed persons,Total,From 15 to 64 years,Total,Hour,North Macedonia,2019,41.5,,
ESTAT:LFSA_EWHUN2$DEFAULTVIEW(1.0),11/09/25 23:00:00,Annual,Total - all NACE activities,Employed persons,Total,From 15 to 64 years,Total,Hour,North Macedonia,2020,40.9,,
ESTAT:LFSA_EWHUN2$DEFAULTVIEW(1.0),11/09/25 23:00:00,Annual,Total - all NACE activities,Employed persons,Total,From 15 to 64 years,Total,Hour,Malta,2015,38.7,,
ESTAT:LFSA_EWHUN2$DEFAULTVIEW(1.0),11/09/25 23:00:00,Annual,Total - all NACE activities,Employed persons,Total,From 15 to 64 years,Total,Hour,Malta,2016,38.8,,
ESTAT:LFSA_EWHUN2$DEFAULTVIEW(1.0),11/09/25 23:00:00,Annual,Total - all NACE activities,Employed persons,Total,From 15 to 64 years,Total,Hour,Malta,2017,39.0,,
ESTAT:LFSA_EWHUN2$DEFAULTVIEW(1.0),11/09/25 23:00:00,Annual,Total - all NACE activities,Employed persons,Total,From 15 to 64 years,Total,Hour,Malta,2018,39.2,,
ESTAT:LFSA_EWHUN2$DEFAULTVIEW(1.0),11/09/25 23:00:00,Annual,Total - all NACE activities,Employed persons,Total,From 15 to 64 years,Total,Hour,Malta,2019,39.8,,
ESTAT:LFSA_EWHUN2$DEFAULTVIEW(1.0),11/09/25 23:00:00,Annual,Total - all NACE activities,Employed persons,Total,From 15 to 64 years,Total,Hour,Malta,2020,39.8,,
ESTAT:LFSA_EWHUN2$DEFAULTVIEW(1.0),11/09/25 23:00:00,Annual,Total - all NACE activities,Employed persons,Total,From 15 to 64 years,Total,Hour,Malta,2021,39.3,b,
ESTAT:LFSA_EWHUN2$DEFAULTVIEW(1.0),11/09/25 23:00:00,Annual,Total - all NACE activities,Employed persons,Total,From 15 to 64 years,Total,Hour,Malta,2022,39.0,,
ESTAT:LFSA_EWHUN2$DEFAULTVIEW(1.0),11/09/25 23:00:00,Annual,Total - all NACE activities,Employed persons,Total,From 15 to 64 years,Total,Hour,Malta,2023,39.0,,
ESTAT:LFSA_EWHUN2$DEFAULTVIEW(1.0),11/09/25 23:00:00,Annual,Total - all NACE activities,Employed persons,Total,From 15 to 64 years,Total,Hour,Malta,2024,39.1,,
ESTAT:LFSA_EWHUN2$DEFAULTVIEW(1.0),11/09/25 23:00:00,Annual,Total - all NACE activities,Employed persons,Total,From 15 to 64 years,Total,Hour,Netherlands,2015,30.4,,
ESTAT:LFSA_EWHUN2$DEFAULTVIEW(1.0),11/09/25 23:00:00,Annual,Total - all NACE activities,Employed persons,Total,From 15 to 64 years,Total,Hour,Netherlands,2016,30.6,,
ESTAT:LFSA_EWHUN2$DEFAULTVIEW(1.0),11/09/25 23:00:00,Annual,Total - all NACE activities,Employed persons,Total,From 15 to 64 years,Total,Hour,Netherlands,2017,30.6,,
ESTAT:LFSA_EWHUN2$DEFAULTVIEW(1.0),11/09/25 23:00:00,Annual,Total - all NACE activities,Employed persons,Total,From 15 to 64 years,Total,Hour,Netherlands,2018,30.7,,
ESTAT:LFSA_EWHUN2$DEFAULTVIEW(1.0),11/09/25 23:00:00,Annual,Total - all NACE activities,Employed persons,Total,From 15 to 64 years,Total,Hour,Netherlands,2019,30.8,,
ESTAT:LFSA_EWHUN2$DEFAULTVIEW(1.0),11/09/25 23:00:00,Annual,Total - all NACE activities,Employed persons,Total,From 15 to 64 years,Total,Hour,Netherlands,2020,30.6,,
ESTAT:LFSA_EWHUN2$DEFAULTVIEW(1.0),11/09/25 23:00:00,Annual,Total - all NACE activities,Employed persons,Total,From 15 to 64 years,Total,Hour,Netherlands,2021,31.5,b,
ESTAT:LFSA_EWHUN2$DEFAULTVIEW(1.0),11/09/25 23:00:00,Annual,Total - all NACE activities,Employed persons,Total,From 15 to 64 years,Total,Hour,Netherlands,2022,31.7,,
ESTAT:LFSA_EWHUN2$DEFAULTVIEW(1.0),11/09/25 23:00:00,Annual,Total - all NACE activities,Employed persons,Total,From 15 to 64 years,Total,Hour,Netherlands,2023,31.6,,
ESTAT:LFSA_EWHUN2$DEFAULTVIEW(1.0),11/09/25 23:00:00,Annual,Total - all NACE activities,Employed persons,Total,From 15 to 64 years,Total,Hour,Netherlands,2024,31.6,,
ESTAT:LFSA_EWHUN2$DEFAULTVIEW(1.0),11/09/25 23:00:00,Annual,Total - all NACE activities,Employed persons,Total,From 15 to 64 years,Total,Hour,Norway,2015,33.9,,
ESTAT:LFSA_EWHUN2$DEFAULTVIEW(1.0),11/09/25 23:00:00,Annual,Total - all NACE activities,Employed persons,Total,From 15 to 64 years,Total,Hour,Norway,2016,34.0,,
ESTAT:LFSA_EWHUN2$DEFAULTVIEW(1.0),11/09/25 23:00:00,Annual,Total - all NACE activities,Employed persons,Total,From 15 to 64 years,Total,Hour,Norway,2017,34.1,,
ESTAT:LFSA_EWHUN2$DEFAULTVIEW(1.0),11/09/25 23:00:00,Annual,Total - all NACE activities,Employed persons,Total,From 15 to 64 years,Total,Hour,Norway,2018,34.0,,
ESTAT:LFSA_EWHUN2$DEFAULTVIEW(1.0),11/09/25 23:00:00,Annual,Total - all NACE activities,Employed persons,Total,From 15 to 64 years,Total,Hour,Norway,2019,33.9,,
ESTAT:LFSA_EWHUN2$DEFAULTVIEW(1.0),11/09/25 23:00:00,Annual,Total - all NACE activities,Employed persons,Total,From 15 to 64 years,Total,Hour,Norway,2020,33.9,,
ESTAT:LFSA_EWHUN2$DEFAULTVIEW(1.0),11/09/25 23:00:00,Annual,Total - all NACE activities,Employed persons,Total,From 15 to 64 years,Total,Hour,Norway,2021,34.4,b,
ESTAT:LFSA_EWHUN2$DEFAULTVIEW(1.0),11/09/25 23:00:00,Annual,Total - all NACE activities,Employed persons,Total,From 15 to 64 years,Total,Hour,Norway,2022,34.5,,
ESTAT:LFSA_EWHUN2$DEFAULTVIEW(1.0),11/09/25 23:00:00,Annual,Total - all NACE activities,Employed persons,Total,From 15 to 64 years,Total,Hour,Norway,2023,34.5,,
ESTAT:LFSA_EWHUN2$DEFAULTVIEW(1.0),11/09/25 23:00:00,Annual,Total - all NACE activities,Employed persons,Total,From 15 to 64 years,Total,Hour,Norway,2024,34.7,,
ESTAT:LFSA_EWHUN2$DEFAULTVIEW(1.0),11/09/25 23:00:00,Annual,Total - all NACE activities,Employed persons,Total,From 15 to 64 years,Total,Hour,Poland,2015,40.9,,
ESTAT:LFSA_EWHUN2$DEFAULTVIEW(1.0),11/09/25 23:00:00,Annual,Total - all NACE activities,Employed persons,Total,From 15 to 64 years,Total,Hour,Poland,2016,40.8,,
ESTAT:LFSA_EWHUN2$DEFAULTVIEW(1.0),11/09/25 23:00:00,Annual,Total - all NACE activities,Employed persons,Total,From 15 to 64 years,Total,Hour,Poland,2017,40.6,,
ESTAT:LFSA_EWHUN2$DEFAULTVIEW(1.0),11/09/25 23:00:00,Annual,Total - all NACE activities,Employed persons,Total,From 15 to 64 years,Total,Hour,Poland,2018,40.6,,
ESTAT:LFSA_EWHUN2$DEFAULTVIEW(1.0),11/09/25 23:00:00,Annual,Total - all NACE activities,Employed persons,Total,From 15 to 64 years,Total,Hour,Poland,2019,40.5,b,
ESTAT:LFSA_EWHUN2$DEFAULTVIEW(1.0),11/09/25 23:00:00,Annual,Total - all NACE activities,Employed persons,Total,From 15 to 64 years,Total,Hour,Poland,2020,40.3,,
ESTAT:LFSA_EWHUN2$DEFAULTVIEW(1.0),11/09/25 23:00:00,Annual,Total - all NACE activities,Employed persons,Total,From 15 to 64 years,Total,Hour,Poland,2021,40.4,b,
ESTAT:LFSA_EWHUN2$DEFAULTVIEW(1.0),11/09/25 23:00:00,Annual,Total - all NACE activities,Employed persons,Total,From 15 to 64 years,Total,Hour,Poland,2022,40.4,,
ESTAT:LFSA_EWHUN2$DEFAULTVIEW(1.0),11/09/25 23:00:00,Annual,Total - all NACE activities,Employed persons,Total,From 15 to 64 years,Total,Hour,Poland,2023,40.2,,
ESTAT:LFSA_EWHUN2$DEFAULTVIEW(1.0),11/09/25 23:00:00,Annual,Total - all NACE activities,Employed persons,Total,From 15 to 64 years,Total,Hour,Poland,2024,40.1,,
ESTAT:LFSA_EWHUN2$DEFAULTVIEW(1.0),11/09/25 23:00:00,Annual,Total - all NACE activities,Employed persons,Total,From 15 to 64 years,Total,Hour,Portugal,2015,40.1,,
ESTAT:LFSA_EWHUN2$DEFAULTVIEW(1.0),11/09/25 23:00:00,Annual,Total - all NACE activities,Employed persons,Total,From 15 to 64 years,Total,Hour,Portugal,2016,39.9,,
ESTAT:LFSA_EWHUN2$DEFAULTVIEW(1.0),11/09/25 23:00:00,Annual,Total - all NACE activities,Employed persons,Total,From 15 to 64 years,Total,Hour,Portugal,2017,40.0,,
ESTAT:LFSA_EWHUN2$DEFAULTVIEW(1.0),11/09/25 23:00:00,Annual,Total - all NACE activities,Employed persons,Total,From 15 to 64 years,Total,Hour,Portugal,2018,40.0,,
ESTAT:LFSA_EWHUN2$DEFAULTVIEW(1.0),11/09/25 23:00:00,Annual,Total - all NACE activities,Employed persons,Total,From 15 to 64 years,Total,Hour,Portugal,2019,39.9,,
ESTAT:LFSA_EWHUN2$DEFAULTVIEW(1.0),11/09/25 23:00:00,Annual,Total - all NACE activities,Employed persons,Total,From 15 to 64 years,Total,Hour,Portugal,2020,39.7,,
ESTAT:LFSA_EWHUN2$DEFAULTVIEW(1.0),11/09/25 23:00:00,Annual,Total - all NACE activities,Employed persons,Total,From 15 to 64 years,Total,Hour,Portugal,2021,39.9,b,
ESTAT:LFSA_EWHUN2$DEFAULTVIEW(1.0),11/09/25 23:00:00,Annual,Total - all NACE activities,Employed persons,Total,From 15 to 64 years,Total,Hour,Portugal,2022,39.9,,
ESTAT:LFSA_EWHUN2$DEFAULTVIEW(1.0),11/09/25 23:00:00,Annual,Total - all NACE activities,Employed persons,Total,From 15 to 64 years,Total,Hour,Portugal,2023,39.8,,
ESTAT:LFSA_EWHUN2$DEFAULTVIEW(1.0),11/09/25 23:00:00,Annual,Total - all NACE activities,Employed persons,Total,From 15 to 64 years,Total,Hour,Portugal,2024,39.7,,
ESTAT:LFSA_EWHUN2$DEFAULTVIEW(1.0),11/09/25 23:00:00,Annual,Total - all NACE activities,Employed persons,Total,From 15 to 64 years,Total,Hour,Romania,2015,40.0,,
ESTAT:LFSA_EWHUN2$DEFAULTVIEW(1.0),11/09/25 23:00:00,Annual,Total - all NACE activities,Employed persons,Total,From 15 to 64 years,Total,Hour,Romania,2016,40.0,,
ESTAT:LFSA_EWHUN2$DEFAULTVIEW(1.0),11/09/25 23:00:00,Annual,Total - all NACE activities,Employed persons,Total,From 15 to 64 years,Total,Hour,Romania,2017,39.9,,
ESTAT:LFSA_EWHUN2$DEFAULTVIEW(1.0),11/09/25 23:00:00,Annual,Total - all NACE activities,Employed persons,Total,From 15 to 64 years,Total,Hour,Romania,2018,39.8,,
ESTAT:LFSA_EWHUN2$DEFAULTVIEW(1.0),11/09/25 23:00:00,Annual,Total - all NACE activities,Employed persons,Total,From 15 to 64 years,Total,Hour,Romania,2019,40.0,,
ESTAT:LFSA_EWHUN2$DEFAULTVIEW(1.0),11/09/25 23:00:00,Annual,Total - all NACE activities,Employed persons,Total,From 15 to 64 years,Total,Hour,Romania,2020,39.9,,
ESTAT:LFSA_EWHUN2$DEFAULTVIEW(1.0),11/09/25 23:00:00,Annual,Total - all NACE activities,Employed persons,Total,From 15 to 64 years,Total,Hour,Romania,2021,40.2,b,
ESTAT:LFSA_EWHUN2$DEFAULTVIEW(1.0),11/09/25 23:00:00,Annual,Total - all NACE activities,Employed persons,Total,From 15 to 64 years,Total,Hour,Romania,2022,40.2,,
ESTAT:LFSA_EWHUN2$DEFAULTVIEW(1.0),11/09/25 23:00:00,Annual,Total - all NACE activities,Employed persons,Total,From 15 to 64 years,Total,Hour,Romania,2023,40.1,,
ESTAT:LFSA_EWHUN2$DEFAULTVIEW(1.0),11/09/25 23:00:00,Annual,Total - all NACE activities,Employed persons,Total,From 15 to 64 years,Total,Hour,Romania,2024,40.0,,
ESTAT:LFSA_EWHUN2$DEFAULTVIEW(1.0),11/09/25 23:00:00,Annual,Total - all NACE activities,Employed persons,Total,From 15 to 64 years,Total,Hour,Serbia,2015,43.6,,
ESTAT:LFSA_EWHUN2$DEFAULTVIEW(1.0),11/09/25 23:00:00,Annual,Total - all NACE activities,Employed persons,Total,From 15 to 64 years,Total,Hour,Serbia,2016,43.4,,
ESTAT:LFSA_EWHUN2$DEFAULTVIEW(1.0),11/09/25 23:00:00,Annual,Total - all NACE activities,Employed persons,Total,From 15 to 64 years,Total,Hour,Serbia,2017,43.0,,
ESTAT:LFSA_EWHUN2$DEFAULTVIEW(1.0),11/09/25 23:00:00,Annual,Total - all NACE activities,Employed persons,Total,From 15 to 64 years,Total,Hour,Serbia,2018,43.0,,
ESTAT:LFSA_EWHUN2$DEFAULTVIEW(1.0),11/09/25 23:00:00,Annual,Total - all NACE activities,Employed persons,Total,From 15 to 64 years,Total,Hour,Serbia,2019,42.8,,
ESTAT:LFSA_EWHUN2$DEFAULTVIEW(1.0),11/09/25 23:00:00,Annual,Total - all NACE activities,Employed persons,Total,From 15 to 64 years,Total,Hour,Serbia,2020,42.7,,
ESTAT:LFSA_EWHUN2$DEFAULTVIEW(1.0),11/09/25 23:00:00,Annual,Total - all NACE activities,Employed persons,Total,From 15 to 64 years,Total,Hour,Serbia,2021,43.1,b,
ESTAT:LFSA_EWHUN2$DEFAULTVIEW(1.0),11/09/25 23:00:00,Annual,Total - all NACE activities,Employed persons,Total,From 15 to 64 years,Total,Hour,Serbia,2022,43.0,,
ESTAT:LFSA_EWHUN2$DEFAULTVIEW(1.0),11/09/25 23:00:00,Annual,Total - all NACE activities,Employed persons,Total,From 15 to 64 years,Total,Hour,Serbia,2023,42.6,,
ESTAT:LFSA_EWHUN2$DEFAULTVIEW(1.0),11/09/25 23:00:00,Annual,Total - all NACE activities,Employed persons,Total,From 15 to 64 years,Total,Hour,Serbia,2024,42.2,,
ESTAT:LFSA_EWHUN2$DEFAULTVIEW(1.0),11/09/25 23:00:00,Annual,Total - all NACE activities,Employed persons,Total,From 15 to 64 years,Total,Hour,Sweden,2015,36.8,,
ESTAT:LFSA_EWHUN2$DEFAULTVIEW(1.0),11/09/25 23:00:00,Annual,Total - all NACE activities,Employed persons,Total,From 15 to 64 years,Total,Hour,Sweden,2016,36.9,,
ESTAT:LFSA_EWHUN2$DEFAULTVIEW(1.0),11/09/25 23:00:00,Annual,Total - all NACE activities,Employed persons,Total,From 15 to 64 years,Total,Hour,Sweden,2017,36.8,,
ESTAT:LFSA_EWHUN2$DEFAULTVIEW(1.0),11/09/25 23:00:00,Annual,Total - all NACE activities,Employed persons,Total,From 15 to 64 years,Total,Hour,Sweden,2018,36.9,b,
ESTAT:LFSA_EWHUN2$DEFAULTVIEW(1.0),11/09/25 23:00:00,Annual,Total - all NACE activities,Employed persons,Total,From 15 to 64 years,Total,Hour,Sweden,2019,36.9,,
ESTAT:LFSA_EWHUN2$DEFAULTVIEW(1.0),11/09/25 23:00:00,Annual,Total - all NACE activities,Employed persons,Total,From 15 to 64 years,Total,Hour,Sweden,2020,36.8,,
ESTAT:LFSA_EWHUN2$DEFAULTVIEW(1.0),11/09/25 23:00:00,Annual,Total - all NACE activities,Employed persons,Total,From 15 to 64 years,Total,Hour,Sweden,2021,38.4,b,
ESTAT:LFSA_EWHUN2$DEFAULTVIEW(1.0),11/09/25 23:00:00,Annual,Total - all NACE activities,Employed persons,Total,From 15 to 64 years,Total,Hour,Sweden,2022,38.4,,
ESTAT:LFSA_EWHUN2$DEFAULTVIEW(1.0),11/09/25 23:00:00,Annual,Total - all NACE activities,Employed persons,Total,From 15 to 64 years,Total,Hour,Sweden,2023,38.3,,
ESTAT:LFSA_EWHUN2$DEFAULTVIEW(1.0),11/09/25 23:00:00,Annual,Total - all NACE activities,Employed persons,Total,From 15 to 64 years,Total,Hour,Sweden,2024,38.3,,
ESTAT:LFSA_EWHUN2$DEFAULTVIEW(1.0),11/09/25 23:00:00,Annual,Total - all NACE activities,Employed persons,Total,From 15 to 64 years,Total,Hour,Slovenia,2015,39.4,,
ESTAT:LFSA_EWHUN2$DEFAULTVIEW(1.0),11/09/25 23:00:00,Annual,Total - all NACE activities,Employed persons,Total,From 15 to 64 years,Total,Hour,Slovenia,2016,39.5,,
ESTAT:LFSA_EWHUN2$DEFAULTVIEW(1.0),11/09/25 23:00:00,Annual,Total - all NACE activities,Employed persons,Total,From 15 to 64 years,Total,Hour,Slovenia,2017,39.3,,
ESTAT:LFSA_EWHUN2$DEFAULTVIEW(1.0),11/09/25 23:00:00,Annual,Total - all NACE activities,Employed persons,Total,From 15 to 64 years,Total,Hour,Slovenia,2018,39.4,,
ESTAT:LFSA_EWHUN2$DEFAULTVIEW(1.0),11/09/25 23:00:00,Annual,Total - all NACE activities,Employed persons,Total,From 15 to 64 years,Total,Hour,Slovenia,2019,39.6,,
ESTAT:LFSA_EWHUN2$DEFAULTVIEW(1.0),11/09/25 23:00:00,Annual,Total - all NACE activities,Employed persons,Total,From 15 to 64 years,Total,Hour,Slovenia,2020,39.6,,
ESTAT:LFSA_EWHUN2$DEFAULTVIEW(1.0),11/09/25 23:00:00,Annual,Total - all NACE activities,Employed persons,Total,From 15 to 64 years,Total,Hour,Slovenia,2021,39.6,b,
ESTAT:LFSA_EWHUN2$DEFAULTVIEW(1.0),11/09/25 23:00:00,Annual,Total - all NACE activities,Employed persons,Total,From 15 to 64 years,Total,Hour,Slovenia,2022,39.5,,
ESTAT:LFSA_EWHUN2$DEFAULTVIEW(1.0),11/09/25 23:00:00,Annual,Total - all NACE activities,Employed persons,Total,From 15 to 64 years,Total,Hour,Slovenia,2023,39.4,,
ESTAT:LFSA_EWHUN2$DEFAULTVIEW(1.0),11/09/25 23:00:00,Annual,Total - all NACE activities,Employed persons,Total,From 15 to 64 years,Total,Hour,Slovenia,2024,39.4,,
ESTAT:LFSA_EWHUN2$DEFAULTVIEW(1.0),11/09/25 23:00:00,Annual,Total - all NACE activities,Employed persons,Total,From 15 to 64 years,Total,Hour,Slovakia,2015,40.3,,
ESTAT:LFSA_EWHUN2$DEFAULTVIEW(1.0),11/09/25 23:00:00,Annual,Total - all NACE activities,Employed persons,Total,From 15 to 64 years,Total,Hour,Slovakia,2016,40.1,,
ESTAT:LFSA_EWHUN2$DEFAULTVIEW(1.0),11/09/25 23:00:00,Annual,Total - all NACE activities,Employed persons,Total,From 15 to 64 years,Total,Hour,Slovakia,2017,39.9,,
ESTAT:LFSA_EWHUN2$DEFAULTVIEW(1.0),11/09/25 23:00:00,Annual,Total - all NACE activities,Employed persons,Total,From 15 to 64 years,Total,Hour,Slovakia,2018,40.1,,
ESTAT:LFSA_EWHUN2$DEFAULTVIEW(1.0),11/09/25 23:00:00,Annual,Total - all NACE activities,Employed persons,Total,From 15 to 64 years,Total,Hour,Slovakia,2019,40.2,,
ESTAT:LFSA_EWHUN2$DEFAULTVIEW(1.0),11/09/25 23:00:00,Annual,Total - all NACE activities,Employed persons,Total,From 15 to 64 years,Total,Hour,Slovakia,2020,40.0,,
ESTAT:LFSA_EWHUN2$DEFAULTVIEW(1.0),11/09/25 23:00:00,Annual,Total - all NACE activities,Employed persons,Total,From 15 to 64 years,Total,Hour,Slovakia,2021,39.6,b,
ESTAT:LFSA_EWHUN2$DEFAULTVIEW(1.0),11/09/25 23:00:00,Annual,Total - all NACE activities,Employed persons,Total,From 15 to 64 years,Total,Hour,Slovakia,2022,39.6,,
ESTAT:LFSA_EWHUN2$DEFAULTVIEW(1.0),11/09/25 23:00:00,Annual,Total - all NACE activities,Employed persons,Total,From 15 to 64 years,Total,Hour,Slovakia,2023,39.6,,
ESTAT:LFSA_EWHUN2$DEFAULTVIEW(1.0),11/09/25 23:00:00,Annual,Total - all NACE activities,Employed persons,Total,From 15 to 64 years,Total,Hour,Slovakia,2024,39.5,,
ESTAT:LFSA_EWHUN2$DEFAULTVIEW(1.0),11/09/25 23:00:00,Annual,Total - all NACE activities,Employed persons,Total,From 15 to 64 years,Total,Hour,Türkiye,2015,47.6,,
ESTAT:LFSA_EWHUN2$DEFAULTVIEW(1.0),11/09/25 23:00:00,Annual,Total - all NACE activities,Employed persons,Total,From 15 to 64 years,Total,Hour,Türkiye,2016,47.0,,
ESTAT:LFSA_EWHUN2$DEFAULTVIEW(1.0),11/09/25 23:00:00,Annual,Total - all NACE activities,Employed persons,Total,From 15 to 64 years,Total,Hour,Türkiye,2017,46.6,,
ESTAT:LFSA_EWHUN2$DEFAULTVIEW(1.0),11/09/25 23:00:00,Annual,Total - all NACE activities,Employed persons,Total,From 15 to 64 years,Total,Hour,Türkiye,2018,45.9,,
ESTAT:LFSA_EWHUN2$DEFAULTVIEW(1.0),11/09/25 23:00:00,Annual,Total - all NACE activities,Employed persons,Total,From 15 to 64 years,Total,Hour,Türkiye,2019,45.6,,
ESTAT:LFSA_EWHUN2$DEFAULTVIEW(1.0),11/09/25 23:00:00,Annual,Total - all NACE activities,Employed persons,Total,From 15 to 64 years,Total,Hour,Türkiye,2020,44.7,,
ESTAT:LFSA_EWHUN2$DEFAULTVIEW(1.0),11/09/25 23:00:00,Annual,Total - all NACE activities,Employed persons,Total,From 15 to 64 years,Total,Hour,Türkiye,2021,45.3,b,
ESTAT:LFSA_EWHUN2$DEFAULTVIEW(1.0),11/09/25 23:00:00,Annual,Total - all NACE activities,Employed persons,Total,From 15 to 64 years,Total,Hour,Türkiye,2022,45.1,,
ESTAT:LFSA_EWHUN2$DEFAULTVIEW(1.0),11/09/25 23:00:00,Annual,Total - all NACE activities,Employed persons,Total,From 15 to 64 years,Total,Hour,Türkiye,2023,45.0,,
ESTAT:LFSA_EWHUN2$DEFAULTVIEW(1.0),11/09/25 23:00:00,Annual,Total - all NACE activities,Employed persons,Total,From 15 to 64 years,Total,Hour,Türkiye,2024,44.2,,
ESTAT:LFSA_EWHUN2$DEFAULTVIEW(1.0),11/09/25 23:00:00,Annual,Total - all NACE activities,Employed persons,Total,From 15 to 64 years,Total,Hour,United Kingdom,2015,37.1,,
ESTAT:LFSA_EWHUN2$DEFAULTVIEW(1.0),11/09/25 23:00:00,Annual,Total - all NACE activities,Employed persons,Total,From 15 to 64 years,Total,Hour,United Kingdom,2016,37.0,,
ESTAT:LFSA_EWHUN2$DEFAULTVIEW(1.0),11/09/25 23:00:00,Annual,Total - all NACE activities,Employed persons,Total,From 15 to 64 years,Total,Hour,United Kingdom,2017,37.0,,
ESTAT:LFSA_EWHUN2$DEFAULTVIEW(1.0),11/09/25 23:00:00,Annual,Total - all NACE activities,Employed persons,Total,From 15 to 64 years,Total,Hour,United Kingdom,2018,36.9,,
ESTAT:LFSA_EWHUN2$DEFAULTVIEW(1.0),11/09/25 23:00:00,Annual,Total - all NACE activities,Employed persons,Total,From 15 to 64 years,Total,Hour,United Kingdom,2019,37.0,,
